origin,dest,avg_arr_delay,n
DEN,ASE,21.248351648351647,910
PNS,DFW,19.35506241331484,721
MCO,JFK,18.566492146596858,1910
FLL,JFK,18.29824561403509,1710
DFW,HOU,18.277719112988386,947
SJU,EWR,18.207343412527,926
MCO,EWR,18.151416122004356,2754
BHM,DFW,17.173563218390804,870
MIA,JFK,16.878184344603984,2159
DFW,CMH,16.576489533011273,621
EWR,SJU,16.49385474860335,895
JFK,PBI,16.10285006195787,807
SDF,DFW,16.102432778489117,781
MCO,SJU,16.09277950310559,2576
DFW,BHM,15.760705289672543,794
BOS,SJU,15.61799660441426,589
DCA,HPN,15.602794411177644,501
DEN,JFK,15.5452865064695,541
FLL,EWR,15.061695517088326,2253
RSW,EWR,15.016112789526687,993
DFW,MFE,14.608476286579213,991
ASE,DEN,14.571902654867257,904
CMH,DFW,14.410459587955627,631
DEN,COS,14.383067314365025,1441
LAS,BOS,14.23896499238965,657
FAR,DEN,14.116814159292035,565
LFT,DFW,14.095166163141993,662
HPN,PBI,14.065026362038664,569
MOB,DFW,14.054347826086957,552
DFW,ELP,13.87921568627451,1275
EWR,CLE,13.83972602739726,730
HOU,DFW,13.835587929240374,961
ORD,EWR,13.835329341317365,2004
DFW,MCO,13.725571725571726,1924
PBI,LGA,13.702845100105375,949
BNA,EWR,13.684410646387832,789
MIA,EWR,13.669304691916336,1769
DFW,SMF,13.580195258019526,717
DFW,PNS,13.577840112201963,713
LIT,DFW,13.562180579216355,1174
ORF,ORD,13.523099850968704,671
PBI,JFK,13.491132332878582,733
MIA,LAX,13.48913043478261,1196
EWR,MCO,13.362838075166842,2847
MCO,BUF,13.337931034482759,580
BRO,DFW,13.336466165413533,532
SJU,JFK,13.282240235814296,1357
MIA,LAS,13.272890484739676,557
MCO,LGA,13.1921749136939,1738
MEM,DFW,13.082961641391615,1121
DEN,OKC,12.982263513513514,1184
DFW,LAS,12.811134903640257,2335
DFW,SFO,12.794839521711769,1589
DFW,MSY,12.757625721352019,1213
FAT,LAS,12.74102079395085,529
PBI,BOS,12.694483734087694,707
FLL,DCA,12.562217194570136,884
IAH,BOS,12.540845070422534,710
BDL,MCO,12.515432098765432,972
DFW,ICT,12.496666666666666,900
AMA,DFW,12.483183856502242,892
MIA,DEN,12.447126436781609,870
DEN,EWR,12.430023455824863,1279
MCO,CLE,12.424206815511162,851
DFW,DSM,12.415492957746478,568
DFW,AUS,12.394678492239468,1804
HPN,DCA,12.32089552238806,536
OKC,DFW,12.310534591194969,1272
FLL,RDU,12.310077519379846,645
RDU,EWR,12.26086956521739,1035
MCO,DFW,12.235108065366369,1897
DFW,ONT,12.22549019607843,918
VPS,DFW,12.176646706586826,668
DCA,CLE,12.161290322580646,558
DFW,LFT,12.149359886201992,703
MCO,BDL,12.142703862660944,932
MIA,DFW,11.981916817359854,1659
PHL,ORF,11.972118959107807,538
DFW,TYS,11.922570016474465,607
PBI,EWR,11.913806254767353,1311
DEN,LGA,11.863029599535693,1723
TPA,SJU,11.8516228748068,647
ELP,DEN,11.839928057553957,556
AUS,DFW,11.796649335644137,1731
DEN,FAR,11.791738382099828,581
DFW,SLC,11.770935960591133,1624
FLL,BOS,11.732784431137725,1336
IAH,CLT,11.70558798999166,1199
TPA,JFK,11.642201834862385,981
DFW,MEM,11.608372093023256,1075
COS,DFW,11.60379596678529,843
AUS,BOS,11.575704225352112,568
SJU,MCO,11.543575192541548,2467
MCO,DCA,11.536790469516468,1427
RIC,ORD,11.501557632398754,642
PBI,DCA,11.452423698384202,557
DFW,TPA,11.363779527559055,1270
MIA,DTW,11.328638497652582,639
HSV,DFW,11.297730307076101,749
BOS,PBI,11.292887029288703,717
MCO,ISP,11.288288288288289,555
MIA,BWI,11.27180783817952,791
DEN,MEM,11.247723132969035,549
BTR,DFW,11.24455205811138,826
EWR,RSW,11.241869918699187,984
BIL,DEN,11.188191881918819,542
MIA,PHL,11.187658495350803,1183
EWR,CHS,11.165784832451498,567
EWR,MSY,11.160596026490067,604
CLT,SFO,11.13430420711974,618
PDX,DFW,11.13064713064713,819
BNA,MIA,11.109062980030721,651
JFK,MCO,11.092693565976008,1834
DEN,RAP,11.092307692307692,585
MCO,MSY,11.082733812949641,834
MEM,ORD,11.078984485190409,709
EWR,PBI,11.063542494042892,1259
IAH,DFW,11.060686015831134,2274
ATL,JFK,11.045245901639344,1525
DFW,MIA,11.032501450957632,1723
DFW,SAT,10.967267869071476,1497
SFO,FAT,10.951830443159922,519
DFW,SDF,10.912114014251781,842
PHX,EWR,10.904709748083242,913
IND,EWR,10.894154818325434,633
JFK,FLL,10.890486725663717,1808
ORD,LGA,10.874403815580287,4403
EWR,BOS,10.796100278551531,1795
DFW,IND,10.786103542234333,734
IAD,EWR,10.781874039938556,651
DFW,PHL,10.760147601476016,1355
DFW,TUL,10.737267582861762,1237
DFW,PHX,10.705882352941176,1887
SJU,PHL,10.70184696569921,758
EWR,MIA,10.673502428494334,1853
DFW,BNA,10.661164205039096,1151
DRO,DEN,10.615863141524105,643
LAS,MIA,10.587328767123287,584
DEN,ABQ,10.539981185324553,1063
RDM,SFO,10.518638573743923,617
MCO,CMH,10.497402597402598,770
ORD,JFK,10.495403472931562,979
CLT,MCO,10.422685656154629,1966
CHS,EWR,10.411111111111111,540
DFW,TUS,10.38993710691824,954
MCO,ORD,10.383251231527094,2030
DFW,SAN,10.371841155234657,1385
LGA,MCO,10.310826542491268,1718
LAS,MCO,10.291666666666666,576
FLL,PHL,10.26682501979414,1263
DFW,VPS,10.265042979942693,698
DEN,ORD,10.261578362356428,2699
TPA,PHL,10.25638686131387,1096
MAF,DFW,10.254634146341463,1025
DFW,EWR,10.225150602409638,1328
PHL,SJU,10.21951219512195,697
TPA,LGA,10.183026584867076,978
DEN,BIL,10.167608286252355,531
DFW,RSW,10.165820642978003,591
DFW,IAH,10.123926380368099,2445
DFW,STL,10.11111111111111,1008
DEN,IAH,10.08749405611032,2103
DEN,RDU,10.07038512616202,753
DFW,BOS,10.057882711348057,1313
MCO,PHL,10.05028618152085,2446
CLT,EWR,10.030407343660356,1743
STL,ORD,10.01901901901902,999
DFW,OMA,10.008183306055647,611
AUS,MIA,10.0,624
EWR,IND,9.991482112436115,587
ORD,CVG,9.969014084507043,1420
LAX,MIA,9.920711974110032,1236
MCO,BOS,9.919853326348873,1909
MIA,SJU,9.891737891737892,1053
MCO,MCI,9.890262751159197,647
FLL,SJU,9.885532591414945,1258
ORD,MCO,9.885503685503686,2035
EWR,JAX,9.882352941176471,510
SAT,DFW,9.859561128526646,1595
MCO,PIT,9.839177750906892,827
DEN,MIA,9.83152827918171,831
ICT,DFW,9.809261300992283,907
DEN,PSP,9.779585798816568,676
RAP,DEN,9.77659574468085,564
IAH,OKC,9.753171856978085,867
MIA,BNA,9.746478873239436,639
EWR,TPA,9.740392156862745,1275
DFW,FLL,9.7234375,1280
AUS,EWR,9.72172619047619,672
SJU,FLL,9.718057921635435,1174
XNA,DFW,9.701309328968904,1222
ORD,LIT,9.699472759226714,569
DFW,AMA,9.69050160085379,937
EWR,FLL,9.687981859410431,2205
DFW,FAT,9.686653771760154,517
DEN,FLL,9.661129568106313,903
DEN,SBA,9.65483234714004,507
ORD,BUF,9.638028169014085,710
CLT,AUS,9.63649025069638,718
SJU,TPA,9.634868421052632,608
EWR,BNA,9.629200463499421,863
MCO,LAS,9.62689393939394,528
ORD,FWA,9.604255319148937,705
BOS,MCO,9.59227921734532,1891
MSY,MCO,9.579383886255924,844
AUS,MSY,9.578446909667194,631
CLT,CAK,9.562080536912752,596
STL,DFW,9.50730282375852,1027
DEN,DFW,9.478243352135374,2482
DFW,DEN,9.470801449859042,2483
PBI,HPN,9.46524064171123,561
MCO,MIA,9.456571867794004,1301
MCO,PVD,9.422857142857143,700
ORD,MIA,9.401060070671377,1698
MSY,DFW,9.399170124481328,1205
BOS,EWR,9.3983286908078,1795
SLC,JFK,9.37953795379538,909
MKE,LGA,9.349420849420849,518
CID,ORD,9.330287206266318,766
BWI,MCO,9.325312800769971,2078
LGA,FLL,9.315759955131801,1783
ATL,EWR,9.314963797264681,2486
JAN,DFW,9.285207100591716,845
DFW,JAX,9.27295918367347,784
FAT,DFW,9.215568862275449,501
LAS,EWR,9.209631728045325,1059
LRD,DFW,9.195911413969336,587
EWR,ORD,9.193159922928709,2076
SMF,DFW,9.170553935860058,686
PHX,TUS,9.169907881269191,977
SDF,ORD,9.167958656330748,774
RDU,BOS,9.134428678117999,1339
LAS,DEN,9.133953488372093,3225
OGG,SEA,9.116935483870968,744
SLC,DFW,9.109384711000622,1609
EWR,AUS,9.093969144460027,713
LIT,ORD,9.086505190311419,578
CLE,DFW,9.05457227138643,678
PHX,MCO,9.046031746031746,630
DEN,DSM,9.022222222222222,855
DFW,JFK,9.00864553314121,694
MIA,MSY,9.00632911392405,632
DEN,SAT,9.001780943900267,1123
CLE,EWR,8.995475113122172,663
DEN,TUS,8.992929292929293,990
FLL,CLE,8.980506822612085,513
ORD,RIC,8.952145214521453,606
JFK,JAX,8.946555819477435,842
JFK,BOS,8.93997390169639,2299
MIA,DCA,8.931657501963866,1273
RDU,DFW,8.927321668909824,743
STL,DEN,8.921864740643468,1523
MCO,MKE,8.915304606240714,673
FLL,DFW,8.898184688239937,1267
GSO,LGA,8.883310719131615,737
RSW,BOS,8.856476079346558,857
DFW,IAD,8.85558583106267,734
AUS,SLC,8.852739726027398,584
ORD,OKC,8.842632331902719,699
IAH,EWR,8.838709677419354,1488
DFW,MCI,8.820512820512821,1053
DEN,BOI,8.817829457364342,1032
MDW,BOS,8.807692307692308,546
JFK,TPA,8.803881511746681,979
MCO,BWI,8.79359095193214,2122
SHV,DFW,8.792559188275085,887
DFW,CLE,8.789556962025317,632
MCO,AUS,8.788700564971752,885
DEN,FAT,8.787077826725405,681
DAL,TPA,8.78131212723658,503
MIA,IAH,8.76865671641791,1340
MCO,CLT,8.764382191095548,1999
MKE,ORD,8.76406035665295,729
DEN,CMH,8.752890173410405,692
LAS,SFO,8.743180046765394,2566
MCO,CVG,8.724569640062597,639
AUS,LAS,8.69061707523246,1183
DEN,OAK,8.673443456162643,787
ATL,DFW,8.664091243561442,2718
MSY,EWR,8.6125,640
ORD,BOS,8.61183704842429,2602
DEN,PHL,8.59252336448598,1070
JAC,SLC,8.588560885608857,542
DEN,BZN,8.582809224318659,954
LAS,IND,8.573051948051948,616
MSP,EWR,8.546210720887245,1082
ORD,FSD,8.534069981583794,543
OKC,ORD,8.52139037433155,748
IND,ORD,8.487128712871288,1515
LAS,STL,8.484536082474227,776
SEA,DFW,8.47528735632184,1740
CVG,EWR,8.429032258064517,620
TPA,BOS,8.427193828351012,1037
LGA,GSO,8.421128798842258,691
IAH,ELP,8.41834862385321,545
JFK,MIA,8.411681582666038,2123
DFW,OKC,8.406549520766774,1252
ORD,SBN,8.40264650283554,529
BWI,MIA,8.390243902439025,738
DEN,MCO,8.386165577342048,1836
BWI,DAL,8.361764705882353,680
ONT,DFW,8.361200428724544,933
CLT,FLL,8.341761827079935,1226
ORD,GRB,8.340086830680173,691
RDU,LGA,8.310784939374601,1567
MIA,BOS,8.310650887573965,1352
DEN,LAS,8.28681217337842,3253
MCO,PHX,8.276203966005665,706
DCA,CHS,8.270106221547799,659
RSW,CLT,8.256880733944953,872
DTW,EWR,8.252911813643927,1202
ONT,SFO,8.249681528662421,785
DFW,ABQ,8.246261216350947,1003
ORD,BNA,8.241071428571429,2016
ELP,DFW,8.23785594639866,1194
BOS,FLL,8.2370820668693,1316
DEN,ONT,8.234358430540826,943
DEN,ICT,8.229749631811487,679
MCI,MCO,8.217115689381933,631
MCO,DAL,8.210526315789474,893
MCO,RDU,8.19266917293233,1064
MIA,AUS,8.189705882352941,680
GRB,ORD,8.18169014084507,710
TPA,EWR,8.173252279635259,1316
EWR,LAX,8.147,2000
MIA,MCO,8.145785876993166,1317
ABQ,DFW,8.126489459211733,1091
MDW,OMA,8.12331081081081,592
MCO,DTW,8.09837962962963,1728
AUS,ELP,8.093690248565965,523
DCA,PVD,8.085082872928178,905
BOS,TPA,8.080924855491329,1038
BWI,SJU,8.06679764243615,509
PHX,LAS,8.064386317907445,2485
DEN,MKE,8.063522617901828,1039
LAS,MCI,8.056701030927835,776
LGA,PBI,8.02672147995889,973
MIA,LGA,8.022354014598541,2192
DEN,DAL,8.016561514195583,1268
LAS,SAN,8.015967153284672,2192
DEN,BNA,8.01510989010989,1456
FLL,LGA,7.988378527946873,1807
DEN,GEG,7.982905982905983,819
MCO,DEN,7.975086906141367,1726
MCO,SLC,7.949790794979079,717
LAS,OAK,7.945508100147276,2037
CHS,LGA,7.940677966101695,590
LAS,DAL,7.93595041322314,968
ORD,CID,7.91941391941392,819
LAS,ABQ,7.91044776119403,603
CHS,JFK,7.904696132596685,724
DEN,JAC,7.896484375,512
ORD,IND,7.8960429242119385,1491
DFW,ATL,7.891570738952841,2693
LGA,TPA,7.885196374622357,993
SJU,BOS,7.879936808846762,633
JAX,JFK,7.876042908224076,839
LBB,DFW,7.862244897959184,980
DFW,LBB,7.861336032388664,988
MDW,PHL,7.85502471169687,607
DEN,TUL,7.853211009174312,763
MCO,IND,7.842391304347826,920
TUS,DFW,7.829243353783231,978
DEN,ELP,7.828828828828829,555
DEN,BOS,7.817898832684825,1285
PHX,BOI,7.811846689895471,574
FLL,ORD,7.801924619085806,1247
ORD,LAS,7.770793950850662,2116
DEN,MSY,7.740343347639485,932
DFW,PDX,7.732779097387174,842
LAX,SAT,7.730935251798561,695
MCO,IAD,7.715773809523809,672
MIA,MSP,7.709923664122138,524
EWR,SFO,7.694150417827298,1795
PHL,MCO,7.6915156507413505,2428
DEN,BUR,7.689973614775726,758
EWR,LAS,7.68630849220104,1154
PVD,MCO,7.6738505747126435,696
TUL,DFW,7.662698412698413,1260
LAS,ONT,7.651832460732984,764
ABQ,LAS,7.642348754448399,562
OKC,DEN,7.634020618556701,1164
OKC,PHX,7.619799139167863,697
DCA,FLL,7.613562970936491,929
IAH,MCO,7.612516644474034,1502
RDU,MIA,7.605614973262032,748
DEN,IND,7.586719524281467,1009
TPA,DFW,7.565404475043029,1162
AUS,SAN,7.565279770444763,697
CLT,LGA,7.531591448931116,2105
ATL,MIA,7.531013094417643,2902
BOS,RDU,7.5267234701781565,1291
EWR,CMH,7.517361111111111,576
MFE,DFW,7.511278195488722,931
MDW,MCO,7.504746835443038,1264
MCO,IAH,7.503010033444816,1495
MSY,DAL,7.501532175689479,979
DAB,CLT,7.469115191986645,599
ATL,FLL,7.464027737648078,3461
BWI,BOS,7.4626075446724025,1511
SLC,MCO,7.462450592885376,759
DEN,MCI,7.44521849271691,1579
ABI,DFW,7.431372549019608,816
BOI,PHX,7.416666666666667,612
DAL,DEN,7.412260536398468,1305
IAH,DEN,7.402597402597403,2156
DFW,CLT,7.402446483180428,1635
ATL,MCO,7.391869469026549,3616
DFW,PIT,7.387147335423197,638
BUR,SFO,7.370843989769821,1173
DAL,MCO,7.368361581920904,885
IAH,SLC,7.364545454545454,1100
LAS,HNL,7.361742424242424,528
JFK,SJU,7.353113553113553,1365
DCA,BDL,7.348441926345609,706
ORD,MEM,7.342629482071713,753
PHX,RNO,7.336134453781512,952
ORD,AUS,7.335333833458365,1333
FAT,DEN,7.32183908045977,609
DEN,PDX,7.293937538273117,1633
SAN,EWR,7.2772108843537415,588
ORF,LGA,7.269129287598944,758
CLT,RSW,7.261786600496278,806
EWR,DFW,7.261492087415222,1327
MIA,CLT,7.258313998453209,1293
CLT,RIC,7.256521739130434,1150
DEN,FSD,7.233704292527822,629
HDN,DEN,7.209342560553633,578
DFW,JAN,7.197701149425288,870
IAH,DTW,7.193693693693693,1332
LAS,MDW,7.186776859504132,1210
GRK,DFW,7.1781857451403885,926
DFW,MSP,7.1766623207301175,1534
JAX,DCA,7.175523349436393,621
PHL,CVG,7.172131147540983,610
DSM,DFW,7.168458781362007,558
DFW,COS,7.1650717703349285,836
RDU,ORD,7.150892857142857,1120
FLL,IAH,7.140333660451423,1019
MCO,BNA,7.135371179039302,1145
LAS,BUR,7.132915360501568,1595
DEN,OMA,7.1312893081761,1272
JFK,DFW,7.11671469740634,694
MSY,JFK,7.112244897959184,588
DFW,RDU,7.107351225204201,857
CLT,SRQ,7.095541401273885,628
ORD,PHL,7.082558775287042,1829
FLL,MCO,7.075226977950713,771
SFO,DFW,7.058596265292981,1553
MIA,JAX,7.058309037900875,686
FLL,MSY,7.020527859237537,682
EWR,IAD,7.016871165644171,652
LAW,DFW,7.01171875,512
ORD,ATL,7.002155172413793,2784
LGA,JAX,7.0,521
CLE,DCA,7.0,559
SGF,ORD,6.991166077738516,566
CLT,EYW,6.986666666666666,525
FLL,ATL,6.973144672249495,3463
MIA,RDU,6.966494845360825,776
EWR,RDU,6.94537037037037,1080
SEA,AUS,6.945141065830721,638
PHX,SFO,6.937016574585635,1810
ACT,DFW,6.935672514619883,684
DEN,STL,6.925101214574899,1482
IAD,BDL,6.9200743494423795,538
BOS,JAX,6.902654867256637,565
IND,DFW,6.9001468428781205,681
BWI,ORD,6.897376543209877,1296
MCI,DFW,6.892761394101877,1119
DAL,LAX,6.864426419466976,863
ORD,PVD,6.8634615384615385,520
BWI,ISP,6.862369337979094,574
PHX,MDW,6.850304612706702,1149
FSD,DEN,6.844444444444444,585
CVG,MCO,6.839820359281437,668
MEM,CLT,6.8065610859728505,884
RSW,PHL,6.803548795944233,789
LGA,CHS,6.797250859106529,582
OAK,LAS,6.796618852459017,1952
LGA,MIA,6.787865168539326,2225
LAS,PHX,6.783663566518399,2473
SLC,AUS,6.760697305863708,631
DEN,SMF,6.733244857332449,1507
DFW,CVG,6.7284533648170015,847
EWR,ATL,6.727557820462564,2551
SFO,RNO,6.718600953895072,629
CVG,ORD,6.714183381088826,1396
DEN,SLC,6.71156289707751,3148
SLC,ORD,6.685589519650655,1374
MSY,MIA,6.681744749596123,619
MCO,MDW,6.6746411483253585,1254
BWI,BUF,6.666156202143951,653
DFW,SEA,6.6626722588376275,1669
ICT,ORD,6.658045977011494,696
BUF,MCO,6.6537842190016105,621
DEN,GRR,6.645544554455445,505
FLL,BNA,6.640960809102402,791
ONT,LAS,6.630906768837804,783
CLT,DAY,6.607242339832869,718
BWI,RDU,6.607238605898123,746
CLT,CRW,6.597864768683274,562
DFW,SAF,6.593984962406015,532
DFW,LAX,6.59312022237665,2878
RDU,PHL,6.585730724971231,869
IAH,SAT,6.566990291262136,1030
FSD,ORD,6.562171628721541,571
LAS,RNO,6.557398805573988,1507
LAS,SAT,6.555403556771545,731
DEN,MDW,6.54264705882353,1360
MTJ,DEN,6.531190926275992,529
ORD,DFW,6.513187641296157,2654
MDW,LGA,6.507765830346475,837
MIA,ORD,6.506108202443281,1719
MDW,CMH,6.498402555910543,626
LAS,DFW,6.493466898954704,2296
BWI,ORF,6.49016641452345,661
ORD,TVC,6.4826302729528535,806
JAC,DEN,6.476280834914611,527
SFO,SBA,6.475083056478406,602
MSY,FLL,6.4646739130434785,736
PHX,LGB,6.45945945945946,703
ORD,TPA,6.4423076923076925,1300
BNA,DFW,6.4393939393939394,1188
CLT,BHM,6.43014301430143,909
PHL,SFO,6.429906542056075,535
DFW,MAF,6.428301886792453,1060
LAS,JFK,6.425800193986421,1031
ORD,SYR,6.412144702842378,774
DEN,IAD,6.392999204455052,1257
MIA,PHX,6.390510948905109,548
AUS,MCO,6.388108108108108,925
ORD,MCI,6.3779160186625194,1286
BNA,ORD,6.3589618021547505,2042
BNA,MCO,6.354782608695652,1150
EWR,DEN,6.353769676884839,1207
ORD,GRR,6.346975088967971,1124
IAH,LGA,6.344500632111251,1582
DAL,BWI,6.342261904761905,672
CLT,PBI,6.338383838383838,792
FAR,ORD,6.3367174280879865,591
SMF,SFO,6.320441988950276,543
BOS,JFK,6.3110619469026545,2260
MSN,ORD,6.305931321540062,961
CLT,PNS,6.2927461139896375,772
DTW,JFK,6.281616688396349,767
ATL,SJU,6.266775777414075,611
TUL,IAH,6.264900662251655,604
EYW,CLT,6.258317025440313,511
ORD,SAT,6.255663430420712,618
SAT,LAS,6.253275109170306,687
FLL,DTW,6.252595155709343,1156
ORF,PHL,6.248031496062992,508
KOA,OGG,6.246205733558178,593
RDU,JFK,6.244788164088769,1487
SLC,LAS,6.241905925473427,1637
SMF,LAS,6.23758865248227,1692
CLT,MKE,6.23394495412844,654
DFW,BWI,6.230998509687034,671
OGG,KOA,6.229793977812995,631
DAL,MSY,6.223404255319149,940
HPN,ATL,6.215767634854772,723
MCO,ATL,6.208413001912046,3661
CVG,DFW,6.189781021897811,822
SAT,LAX,6.18960244648318,654
ORD,DEN,6.1874764239909466,2651
DCA,MCO,6.174863387978142,1464
ORD,ALB,6.169580419580419,572
DEN,RNO,6.159090909090909,880
BOS,AUS,6.153419593345657,541
DAL,ELP,6.149492017416546,689
MDW,TPA,6.149112426035503,845
MIA,ATL,6.144088245432609,2901
DFW,SJC,6.138671875,512
MSP,AUS,6.1231060606060606,528
CVG,PHL,6.115259740259741,616
RSW,ORD,6.112324492979719,1282
TYS,DFW,6.108270676691729,665
BWI,STL,6.10371819960861,511
SJU,MIA,6.102539981185324,1063
OMA,DEN,6.099285146942018,1259
DEN,PIT,6.095454545454546,660
JFK,AUS,6.091208791208791,910
PHX,IND,6.090047393364929,633
JAX,DFW,6.086720867208672,738
SEA,JFK,6.0761300555114985,1261
STL,LAS,6.0634146341463415,820
EWR,IAH,6.06027397260274,1460
ORD,PIT,6.045807453416149,1288
ORD,DSM,6.040384615384616,1040
COS,DEN,6.0402124430956,1318
DTW,FLL,6.030621172353456,1143
MCO,STL,6.027368421052632,950
MDW,PIT,6.0194690265486726,565
BWI,FLL,6.0181818181818185,1705
CLT,MSY,6.014689265536723,885
DCA,RDU,5.994026284348865,837
LGB,PHX,5.993270524899058,743
FAT,SFO,5.984790874524715,526
PHL,RSW,5.967391304347826,736
BNA,LGA,5.954417557681485,1777
HOU,MCO,5.920353982300885,791
BWI,DFW,5.8996913580246915,648
DFW,ORD,5.898273962541315,2723
BWI,BDL,5.878571428571429,700
LAS,SLC,5.866381940207444,1639
MIA,TPA,5.86411889596603,942
BWI,CVG,5.859099804305283,511
CLT,VPS,5.856230031948882,626
HOU,PHX,5.855513307984791,789
BHM,CLT,5.852678571428571,896
EWR,CLT,5.851419031719533,1797
DAL,LAS,5.845132743362832,904
HOU,OKC,5.831739961759082,523
LGA,PWM,5.8294849023090585,563
FSM,DFW,5.817241379310345,580
TLH,CLT,5.813102119460501,519
ORD,FAR,5.80983606557377,610
DEN,MSP,5.809778142974528,2434
ATL,DEN,5.80514096185738,2412
BZN,DEN,5.803680981595092,978
ORD,MSP,5.799281723862729,2506
BNA,BOS,5.798611111111111,1008
PHX,ELP,5.796229802513465,1114
EWR,SEA,5.7908587257617725,722
HOU,LAS,5.772200772200772,777
IAD,ORD,5.768339768339768,777
LAS,LAX,5.766449584549742,4453
TUL,ORD,5.7578616352201255,636
CLT,XNA,5.754128440366973,545
FAY,ATL,5.746858168761221,557
AUS,PHX,5.74457429048414,1198
DCA,LGA,5.7431307243963365,2402
SLC,DEN,5.740894568690096,3130
ORD,MKE,5.737556561085973,663
CLE,MCO,5.728672985781991,844
SLC,IAH,5.718835304822566,1099
SAN,LAS,5.709692237023427,2177
BOS,DTW,5.689922480620155,1161
BWI,PWM,5.684210526315789,551
DEN,AUS,5.6811674008810575,1816
RSW,DFW,5.680284191829485,563
LAS,CLT,5.680238331678252,1007
LAS,BWI,5.67535853976532,767
LAX,LAS,5.674008810572687,4540
BWI,CHS,5.662188099808062,521
ATL,IAH,5.656323460272684,2127
SAF,DFW,5.653483992467043,531
ORD,RDU,5.650442477876106,1130
ATL,HPN,5.638054363376252,699
TPA,ORD,5.632286995515695,1338
BNA,TPA,5.629729729729729,740
DEN,ATL,5.613733905579399,2563
TUS,PHX,5.6127659574468085,940
MCO,MSP,5.612435233160622,965
LAS,AUS,5.60912343470483,1118
ORD,STL,5.604417670682731,996
PBI,PHL,5.60410094637224,634
AUS,JFK,5.601162790697674,860
BNA,FLL,5.599290780141844,846
BWI,JAX,5.593481989708405,583
JFK,BTV,5.592705167173253,658
SNA,SLC,5.5739231664726425,859
DSM,ORD,5.561967833491012,1057
CLT,ORF,5.558159722222222,1152
DEN,LAX,5.555867665418227,3204
DEN,BWI,5.554817275747508,1204
IAH,MCI,5.552013422818792,596
RDU,MCO,5.539078156312625,998
RIC,BOS,5.536096256684492,748
DAL,MDW,5.5346153846153845,1040
IAH,BNA,5.533398821218075,1018
PHL,MIA,5.524847428073235,1147
DFW,HSV,5.523224043715847,732
PHL,LAS,5.513828238719069,687
DAY,DFW,5.506986027944111,501
IAH,AUS,5.498272884283247,1158
PHX,OKC,5.495398773006135,652
CLT,JFK,5.490869247626004,1369
CLT,SAT,5.489001692047378,591
CLT,IAH,5.485494880546075,1172
PHX,DAL,5.482142857142857,1120
ATL,MGM,5.479432624113475,705
ISP,MCO,5.474336283185841,565
ORD,ROC,5.472148541114058,754
MCO,HOU,5.469565217391304,805
ATL,CLE,5.46815955213436,1429
SFO,EWR,5.463815789473684,1824
DCA,BOS,5.4590818363273454,3507
BNA,RDU,5.453996983408748,663
CLT,SYR,5.450467289719626,535
DEN,PHX,5.440022265516282,3593
PSP,SFO,5.43621766280107,1121
LAX,DAL,5.43144208037825,846
ORD,JAX,5.424694708276798,737
RNO,SLC,5.408536585365853,656
PHX,ONT,5.393283582089552,1340
SBA,SFO,5.390577507598784,658
XNA,ORD,5.389627659574468,752
MDT,ORD,5.383561643835616,511
DEN,TPA,5.38091286307054,1205
DFW,LIT,5.3800170794193,1171
IAH,TUL,5.373228346456693,635
CMH,ORD,5.373015873015873,1512
ORD,OMA,5.3711985688729875,1118
SAV,JFK,5.364227642276423,615
LAS,PDX,5.363452461227242,1483
MDW,MSP,5.342007434944238,1345
MSY,TPA,5.336380255941499,547
BUR,LAS,5.336175395858709,1642
DEN,SEA,5.328828828828829,2886
JFK,ORD,5.325515947467167,1066
IAH,LAX,5.324765200197726,2023
CLT,BOS,5.3126050420168065,1785
PHX,FAT,5.302066772655008,629
DFW,LGA,5.300954753009547,2409
LGB,LAS,5.290956749672346,763
CMH,MCO,5.279009126466754,767
CLT,SAV,5.27681660899654,1156
PWM,LGA,5.267985611510792,556
DFW,SGF,5.260504201680672,1071
ORD,BDL,5.251716247139588,874
TPA,DEN,5.247841105354059,1158
CLT,JAX,5.246498599439776,1071
CLT,TPA,5.244528301886793,1325
BWI,ALB,5.242595204513399,709
EWR,PIT,5.239819004524887,884
STL,DCA,5.2239915074309975,942
ORD,DTW,5.212003454231433,2316
ATL,ORD,5.207796984185363,2719
BWI,TPA,5.206151288445553,1203
DTW,TVC,5.199318568994889,587
MDW,PHX,5.183742591024555,1181
PIT,MCO,5.178861788617886,861
PBI,CLT,5.155974842767296,795
PHL,TPA,5.145359019264449,1142
TVC,DTW,5.1426202321724706,603
GNV,CLT,5.129699248120301,532
PNS,CLT,5.117197452229299,785
HOU,SAT,5.097812097812098,777
MCI,DEN,5.095864661654136,1596
LAS,IAH,5.0932642487046635,1544
IAH,LAS,5.092639593908629,1576
EWR,MSP,5.0818014705882355,1088
IND,MCO,5.051111111111111,900
CLT,DEN,5.033383915022762,1318
IAH,MSP,5.033006244424621,1121
CLT,MIA,4.997582594681709,1241
DAL,PHX,4.987072945521699,1083
ABQ,DEN,4.986027944111776,1002
MEM,DEN,4.984402079722703,577
DEN,SFO,4.977996254681648,2136
DFW,FSM,4.976897689768977,606
IAD,MCO,4.970542635658915,645
CLT,CVG,4.9672762271414825,1039
TPA,MIA,4.941052631578947,950
ORD,CMH,4.940812112869924,1453
DAL,ATL,4.931462140992167,1532
DFW,XNA,4.920065252854813,1226
CLT,GSP,4.8994708994708995,1134
JAX,ORD,4.896103896103896,693
DTW,MCO,4.886449184441656,1594
IAD,RDU,4.886281588447654,554
SNA,LAS,4.874469375379017,1649
ORD,ORF,4.8734177215189876,632
TUL,DEN,4.871980676328502,828
PHX,JFK,4.861248761149653,1009
LAX,EWR,4.858131487889273,2023
BUF,ORD,4.855421686746988,747
CLT,SAN,4.852727272727273,550
PVD,ORD,4.841904761904762,525
RDU,CLT,4.828435266084194,1259
SEA,HNL,4.8275132275132275,945
IAD,BOS,4.819672131147541,549
CLT,ORD,4.818561001042753,1918
SAN,DFW,4.80806572068708,1339
DAL,LGA,4.805172413793104,580
LAX,DFW,4.804271708683474,2856
BOS,RSW,4.798578199052133,844
BOS,SLC,4.796407185628743,501
IAH,PHX,4.793733681462141,1149
CRW,CLT,4.786407766990291,618
CLT,TYS,4.786363636363636,880
CRP,DFW,4.785356068204614,997
ATL,MDW,4.776754075124026,1411
STL,LAX,4.773308957952468,547
MSP,ORD,4.7587548638132295,2570
IAH,FLL,4.751008064516129,992
MDW,LAX,4.741839762611276,674
STL,DTW,4.739368998628258,729
TPA,BNA,4.7305151915455745,757
PHX,HOU,4.729138166894665,731
TPA,DCA,4.7271714922049,898
MCO,FLL,4.7206303724928365,698
IAH,MIA,4.703338391502276,1318
PHX,MKE,4.701238390092879,646
TPA,MDW,4.7003699136868065,811
DTW,PIT,4.7,710
MDW,CLE,4.696043165467626,556
LGA,ORD,4.668957871396896,4510
IAD,DTW,4.660317460317461,945
RSW,BWI,4.6579710144927535,690
PHX,DEN,4.655539971949509,3565
BWI,PVD,4.63941018766756,746
ORD,TUL,4.633628318584071,565
LAS,SJC,4.623340321453529,1431
ORD,CLE,4.6198019801980195,1515
EWR,CVG,4.619565217391305,644
JFK,ROC,4.616473616473616,777
PHL,PBI,4.614186851211072,578
LAS,BNA,4.61203007518797,665
BWI,MDW,4.6104328523862375,901
CLT,MYR,4.60982391102873,1079
CLT,CMH,4.599394550958627,991
ORD,PHX,4.598309608540926,2248
JFK,MSY,4.590579710144928,552
CLT,LAS,4.5863874345549736,955
FLL,TPA,4.574468085106383,658
AUS,DEN,4.56622691292876,1895
PHX,BOS,4.562974203338391,659
JFK,SYR,4.555926544240401,599
DTW,BUF,4.547576301615799,557
LAX,PHL,4.5429389312977095,1048
CLT,GSO,4.541751527494909,982
DCA,MCI,4.5364238410596025,604
IAH,MSY,4.536221590909091,1408
LAS,HOU,4.535279805352798,822
CLE,LGA,4.526315789473684,1102
PHX,SAT,4.513144058885384,951
ORD,ICT,4.512931034482759,696
ORD,LAX,4.5115080728272074,2911
ORD,PDX,4.5064027939464495,859
DAL,BNA,4.48875,800
SFO,LAS,4.485395849346657,2602
MDW,LAS,4.481051817478732,1293
SDF,DTW,4.471624266144814,511
CLT,LIT,4.471590909090909,528
ATL,BUF,4.470588235294118,544
ATL,BOS,4.467933491686461,2105
BNA,JFK,4.466176470588235,680
ATL,PBI,4.46494907130018,1669
OKC,IAH,4.449367088607595,790
STL,MCO,4.442231075697211,1004
IND,LAS,4.438423645320197,609
BOS,LAS,4.426771653543307,635
PHX,AUS,4.42506350550381,1181
ORD,BWI,4.408517350157728,1268
MAF,IAH,4.406493506493507,770
DFW,DCA,4.400630914826499,1268
FWA,ORD,4.393980848153215,731
PHX,BNA,4.392386530014641,683
PVD,DCA,4.386363636363637,924
JAX,PHL,4.3804971319311665,523
LAS,LGB,4.374176548089592,759
SDF,CLT,4.360488798370672,982
MDW,DEN,4.3522727272727275,1320
MSY,AUS,4.35,620
CLE,BOS,4.347651006711409,745
SLC,ATL,4.343571428571429,1400
CVG,LGA,4.340860215053763,930
ORD,SFO,4.337225595516114,2141
BWI,RSW,4.325352112676057,710
SEA,LAS,4.324455205811138,2891
MDW,BWI,4.322757111597374,914
LAS,SNA,4.309894212818917,1607
LGA,CLE,4.300592718035563,1181
JFK,CHS,4.295485636114911,731
HOU,HRL,4.292724196277495,591
MCI,LAS,4.286811779769526,781
BOS,CLE,4.282336578581363,719
PHL,DEN,4.261989342806395,1126
CLT,CHS,4.251672240802676,1196
LAS,SMF,4.239179954441913,1756
ORD,MDT,4.236434108527132,516
PHL,IAH,4.218268090154211,843
CLT,BWI,4.217616580310881,1351
DAL,MCI,4.214716525934861,829
CLT,MEM,4.213004484304933,892
HOU,CRP,4.210810810810811,555
BDL,DCA,4.202020202020202,693
FLL,MDW,4.198979591836735,588
LAS,ORD,4.175023651844844,2114
DEN,CVG,4.163316582914573,796
ATL,TPA,4.160631050555755,2789
SGF,DFW,4.15561694290976,1086
ATL,LAS,4.145743145743146,2079
ATL,SLC,4.142353770260747,1419
PHL,RDU,4.141749723145072,903
ORD,IAH,4.141485598787266,1979
ORD,CLT,4.138402625820569,1828
ALB,ORD,4.132275132275132,567
ATL,MEM,4.129119031607263,1487
MSY,HOU,4.122650840751731,1011
FAT,PHX,4.117174959871589,623
CLT,AVL,4.107853403141362,955
DCA,PBI,4.103960396039604,606
DEN,SJC,4.092224231464738,1106
DFW,LAW,4.074950690335306,507
LAX,FLL,4.074815595363541,949
JAX,BOS,4.06581352833638,547
BOS,ORD,4.058481797056546,2582
AUS,LAX,4.055779183438758,1739
SFO,PHX,4.03781512605042,1904
ROC,CLT,4.037475345167653,507
DCA,JAX,4.034645669291338,635
BNA,LAS,4.032012195121951,656
BOS,LGA,4.024975673045735,3083
CVG,DCA,4.024064171122995,748
DCA,DTW,4.022768670309654,1098
SGF,ATL,4.0134357005758154,521
ATL,LAX,4.006208609271523,2416
DEN,DRO,4.003100775193799,645
IAH,MFE,3.991869918699187,615
PHX,SBA,3.9844961240310077,516
ORF,CLT,3.9832007073386384,1131
HOU,AUS,3.978052126200274,729
STL,DAL,3.9613947696139475,803
JFK,ATL,3.941096817874069,1477
BUR,PHX,3.9281183932346724,1419
MSY,DEN,3.927051671732523,987
DEN,DTW,3.917995444191344,1317
CLT,DAB,3.914110429447853,652
DEN,CLE,3.912258064516129,775
DTW,DFW,3.9116161616161618,1584
BWI,DTW,3.9027777777777777,1008
MCI,LGA,3.9014647137150464,751
BWI,PBI,3.893939393939394,528
LAS,ATL,3.893617021276596,2115
BOI,DEN,3.8862034239677743,993
AUS,IAH,3.8711036225779276,1187
CVG,CLT,3.8703358208955225,1072
CLT,STL,3.870212765957447,940
IAH,ATL,3.8565965583173996,2092
ORD,SDF,3.8565400843881856,711
SNA,PHX,3.8551236749116606,1698
AUS,MDW,3.845500848896435,589
DAL,ABQ,3.8430493273542603,669
BNA,IAH,3.8401522359657467,1051
ICT,DEN,3.8367670364500794,631
STL,CLT,3.8302502720348204,919
SAN,CLT,3.8271844660194176,515
DFW,DAY,3.818359375,512
OAK,DEN,3.8174224343675416,838
BWI,HOU,3.8084291187739465,522
MSP,LGA,3.8068068068068066,999
ORD,IAD,3.8030095759233924,731
ORD,DCA,3.7999237804878048,2624
PHX,IAH,3.789620018535681,1079
PDX,PHX,3.788022064617809,1269
FLL,DEN,3.7846674182638105,887
DFW,CRP,3.78159757330637,989
ATL,LGA,3.7765625,3200
OAK,PHX,3.7752808988764044,1068
PHX,PSP,3.774698795180723,830
FLL,BWI,3.773948598130841,1712
AUS,BNA,3.772117962466488,746
PSP,PHX,3.7709497206703912,895
MDW,RSW,3.770769230769231,650
BOS,RIC,3.764945652173913,736
BWI,ATL,3.7615262321144676,2516
RIC,LGA,3.7580993520518358,926
IND,LGA,3.756202804746494,927
MCI,ORD,3.7513348588863464,1311
ORD,RSW,3.745470232959448,1159
SFO,SMF,3.744144144144144,555
JFK,ORF,3.7433489827856024,639
PIT,ORD,3.7329678935003914,1277
FLL,LAX,3.7231096911608095,939
HNL,SFO,3.722051282051282,975
SFO,RDM,3.7197898423817866,571
MSY,ORD,3.718881118881119,715
CLT,IAD,3.7064955894145952,1247
PHL,FLL,3.7005695687550855,1229
MSP,DLH,3.6955266955266954,693
SBN,ORD,3.6878727634194832,503
TPA,IND,3.683495145631068,515
CLT,MDT,3.681553398058252,515
OGG,HNL,3.6711701895837874,4589
IAH,SEA,3.6695331695331697,814
IAH,PHL,3.668229777256741,853
LAX,AUS,3.6614942528735632,1740
ORD,MSN,3.6566523605150216,932
IAD,DFW,3.6545961002785514,718
CLT,PHL,3.650034176349966,1463
ATL,SRQ,3.644894204231831,1087
SFO,DEN,3.6428226196230065,2069
SEA,EWR,3.639135959339263,787
ORD,SAN,3.6387959866220734,1196
SLC,PHX,3.6363636363636362,2145
BNA,DAL,3.6188235294117646,850
BWI,MHT,3.615271659324523,681
HOU,MDW,3.613931523022432,847
MDW,DTW,3.6006458557588803,929
DTW,IAD,3.5991189427312777,908
SAN,SLC,3.5978358881875563,1109
MSP,MCI,3.5853994490358128,726
SBA,PHX,3.5784671532846715,548
LGA,BOS,3.5711519845111326,3099
PHL,DFW,3.5632911392405062,1422
ORD,TYS,3.5630550621669625,563
BNA,CLT,3.561122244488978,1497
DAL,LBB,3.542372881355932,708
DFW,ABI,3.5307781649245062,861
CLT,RDU,3.524024024024024,1332
PHX,DFW,3.5238589211618256,1928
BWI,LAS,3.5115995115995116,819
ORD,SEA,3.5058611361587015,2218
ATL,DTW,3.4969411764705884,2125
ELP,AUS,3.4911242603550297,507
DEN,SAN,3.4891411648568607,2026
SJU,ATL,3.486153846153846,650
ATL,EYW,3.48586118251928,778
PHX,MCI,3.482593037214886,833
JFK,BUF,3.473967684021544,1114
SMF,PHX,3.462666666666667,1500
SAN,SFO,3.4606403013182674,2655
DTW,ORD,3.4600088378258946,2263
PHL,DTW,3.455160744500846,1182
DEN,HOU,3.4434389140271495,1105
LGA,ORF,3.4431960049937578,801
DAL,STL,3.4322916666666665,768
DEN,MTJ,3.43205574912892,574
CLT,ILM,3.4264577893820714,1149
MSP,GFK,3.421708185053381,562
RSW,MDW,3.418816388467375,659
CLT,CHA,3.407185628742515,501
FWA,ATL,3.4011857707509883,506
AUS,SFO,3.3988372093023256,860
STL,LGA,3.3706484641638226,1465
SJC,PHX,3.3627450980392157,1326
MSP,IAH,3.361489554950045,1101
SEA,GEG,3.359981933152665,2214
DTW,BOS,3.3594009983361066,1202
TYR,DFW,3.3405405405405406,555
CLT,IND,3.3404471544715446,984
CMH,DEN,3.3338192419825075,686
JAX,MIA,3.33195020746888,723
DTW,ALB,3.328440366972477,545
SFO,PSP,3.3203963666391414,1211
SAN,OAK,3.320388349514563,1442
MDW,DAL,3.3180487804878047,1025
PHX,OAK,3.312557286892759,1091
IAH,MAF,3.3083756345177666,788
MDW,ATL,3.297154202514891,1511
HHH,CLT,3.2884250474383303,527
DCA,STL,3.2835497835497836,924
BNA,MSY,3.2804642166344293,517
PHX,ABQ,3.2788844621513946,1255
DCA,CVG,3.267669172932331,665
ROC,ORD,3.2670025188916876,794
CLT,ROC,3.259481037924152,501
ATL,RSW,3.258839226150767,1499
IAH,SFO,3.2418990203466467,1327
ORD,FLL,3.2398467432950193,1305
LAX,FAT,3.2337662337662336,616
TYS,CLT,3.2317961165048543,824
SEA,FAI,3.214622641509434,848
SJC,LAS,3.211606510969568,1413
SEA,BUR,3.2097902097902096,572
BOS,MSP,3.2088477366255144,972
SJC,DFW,3.204502814258912,533
RNO,DEN,3.201058201058201,945
CLT,CLE,3.1972633979475487,877
ABQ,DAL,3.196875,640
PSP,DEN,3.190962099125364,686
SEA,SFO,3.1782370035518244,3097
SEA,DEN,3.173151069050123,2853
RNO,SFO,3.161550888529887,619
CLT,HSV,3.1443661971830985,568
HNL,LIH,3.1430499325236165,2964
DAL,SAT,3.136402387041773,1173
PBI,ATL,3.1352334748332322,1649
CLT,FAY,3.134715025906736,579
TVC,ORD,3.126126126126126,777
MKE,DEN,3.125633232016211,987
AUS,HOU,3.12015503875969,774
JFK,DCA,3.1078748651564188,927
MSP,BOS,3.1000981354268893,1019
SBA,DEN,3.097196261682243,535
DFW,SHV,3.0961968680089487,894
BOS,PIT,3.0857449088960345,933
EYW,ATL,3.0849933598937582,753
HOU,DEN,3.0713028169014085,1136
ATL,MSY,3.0708376421923473,1934
SYR,CLT,3.070588235294118,510
PHX,SLC,3.0489031078610602,2188
ATL,PHX,3.0445901639344264,1525
DTW,LGA,3.0396634615384617,1664
MDW,AUS,3.035830618892508,614
MSP,MKE,3.030264817150063,793
ROA,ATL,3.020408163265306,588
YUM,PHX,3.0180623973727423,609
CLT,AVP,3.017175572519084,524
AUS,DTW,3.016750418760469,597
DFW,TXK,3.01364522417154,513
SRQ,CLT,3.0107692307692306,650
LAX,SAN,3.0098870056497176,708
LGA,MKE,3.0088183421516757,567
CLT,SDF,3.002070393374741,966
OAK,SAN,3.001392757660167,1436
LGA,DFW,2.9983164983164983,2376
BTV,JFK,2.993333333333333,600
ATL,MOB,2.972292191435768,794
LAS,SEA,2.958963282937365,2778
TUS,DEN,2.958730158730159,945
PHX,FLG,2.953531598513011,538
SAT,DEN,2.9514824797843664,1113
MDW,STL,2.950762016412661,853
ATL,PHL,2.9442874444893015,2477
EYW,MIA,2.942105263157895,570
PHX,SAN,2.9338235294117645,2040
BUF,ATL,2.924561403508772,570
TPA,IAH,2.9245014245014245,702
MSY,DCA,2.9056865464632455,721
CLT,PIT,2.8994661921708187,1124
DTW,IAH,2.889929742388759,1281
RNO,LAS,2.880103694102398,1543
MSP,BNA,2.8798920377867745,741
EWR,SAN,2.87888198757764,644
JAX,CLT,2.8771769019248397,1091
OGG,SJC,2.868787276341948,503
IAH,TPA,2.8650568181818183,704
EWR,PHX,2.856512141280353,906
PHL,PIT,2.8557046979865772,596
CLT,PVD,2.8545454545454545,660
PHX,ORD,2.8507130124777182,2244
LAS,PHL,2.8454545454545452,660
STL,PHX,2.842907385697538,853
RNO,LAX,2.8418167580266247,1277
OMA,MDW,2.8392282958199355,622
HNL,LAS,2.8388349514563105,515
LAX,SFO,2.8272870662460567,5072
AUS,DAL,2.8238255033557045,1192
ONT,PHX,2.8211508553654743,1286
JFK,CMH,2.8204667863554755,557
SLC,JAC,2.818014705882353,544
OMA,DFW,2.81437125748503,668
SNA,DFW,2.813915857605178,1236
DCA,MSY,2.7931937172774868,764
TPA,RDU,2.7916666666666665,528
PIT,LGA,2.790059347181009,1348
MSY,CLT,2.776765375854214,878
ATL,DAL,2.7484787018255576,1479
AUS,CLT,2.74320987654321,810
EWR,DTW,2.7392,1250
CAK,CLT,2.7372611464968153,628
BWI,DEN,2.7314085739282588,1143
ELP,DAL,2.7289719626168223,642
ANC,JNU,2.7211009174311926,545
SDF,LGA,2.710196779964222,559
LGA,CMH,2.708137715179969,1278
SLC,SMF,2.704326923076923,832
DTW,MKE,2.7031019202363367,677
ATL,IAD,2.6984597156398102,1688
DFW,DTW,2.697628458498024,1518
DTW,SDF,2.69364161849711,519
SAN,AUS,2.6746817538896748,707
TPA,FLL,2.671974522292994,628
SNA,DEN,2.6555555555555554,1530
SEA,ATL,2.652530779753762,1462
HOU,BNA,2.6414814814814815,675
PHL,CLT,2.629553264604811,1455
MCO,LAX,2.627742946708464,1276
PHX,BUR,2.623678646934461,1419
LIH,HNL,2.61512829056981,3001
SEA,JNU,2.6094224924012157,658
JFK,RDU,2.5923694779116464,1494
PHX,PDX,2.591774562071592,1313
MSP,JFK,2.576138147566719,637
PDX,SMF,2.567901234567901,810
PHX,SBP,2.5574387947269304,531
SEA,PDX,2.547331515387612,2567
LAX,PHX,2.5465735196274117,3006
ATL,JAX,2.540513336688475,1987
MSY,LAX,2.5397301349325336,667
PDX,LAS,2.536977491961415,1555
PHX,SNA,2.5314804310833807,1763
CLT,DCA,2.5275707898658717,1342
ATL,BWI,2.527213647441105,2462
ORD,MSY,2.520460358056266,782
HNL,ITO,2.5185029436501263,2378
SMF,DEN,2.5172413793103448,1508
DAL,AMA,2.51493848857645,569
BOI,SFO,2.5055762081784385,807
ATL,SFO,2.4965576592082614,1162
CLL,DFW,2.4908088235294117,544
LGA,RDU,2.488372093023256,1548
SLC,SNA,2.468604651162791,860
PIT,CLT,2.467018469656992,1137
MKE,MCO,2.4652567975830815,662
CLT,DFW,2.4639498432601883,1595
MCI,DAL,2.463786531130877,787
PVD,CLT,2.4530791788856305,682
PIT,EWR,2.446857142857143,875
PHX,STL,2.4384707287933094,837
AUS,MSP,2.429411764705882,510
DEN,CLT,2.427115987460815,1276
SAN,PHX,2.424357754519505,2102
SLC,SAN,2.413574660633484,1105
SFO,ORD,2.409309021113244,2084
CLE,CLT,2.403781979977753,899
IAH,ORD,2.376560999039385,2082
HNL,LAX,2.376450365277181,2327
HNL,OGG,2.3664513254622412,4489
MDW,BNA,2.36536312849162,895
ATL,MLB,2.3584,625
PIT,BOS,2.350276243093923,905
SMF,PDX,2.341677096370463,799
LGA,DCA,2.3345367027677497,2493
HOU,DAL,2.2998493219487695,1991
LAX,MSY,2.295640326975477,734
ELP,PHX,2.2929380993897124,1147
DAL,SAN,2.29136690647482,556
CMH,LGA,2.2857142857142856,1295
HOU,LAX,2.281144781144781,594
LGA,IND,2.2795232936078005,923
SEA,PSC,2.2783389450056117,891
IAD,CLT,2.2415123456790123,1296
CLT,CAE,2.2412213740458014,655
BOS,ATL,2.229516288252715,2026
ORD,SLC,2.2207105064247923,1323
PHX,SMF,2.2154255319148937,1504
TYS,ORD,2.2153846153846155,520
LAX,BOI,2.2125,720
ATL,DCA,2.2101421436803688,2603
SNA,SMF,2.1954022988505746,957
ROC,JFK,2.1936376210235133,723
ATL,MCI,2.1936155447605827,1441
CHS,DCA,2.1804043545878695,643
IND,DCA,2.17966573816156,718
LGA,MDW,2.1795166858457997,869
BNA,PHL,2.1598173515981736,1095
DAL,MAF,2.156390977443609,665
SAN,DAL,2.1527001862197395,537
TPA,ATL,2.1519746121297603,2836
LAX,HOU,2.1486725663716815,565
DCA,PIT,2.143897996357013,549
BWI,MSP,2.1432835820895524,670
MDW,HOU,2.1432068543451654,817
LAX,ORD,2.1418084751418083,2997
DFW,GRK,2.135164835164835,910
ATL,ORF,2.128767123287671,1095
BOS,PHL,2.113720073664825,2172
ATL,SAV,2.110277569392348,1333
ATL,CHA,2.1101494885916603,1271
CLT,HPN,2.102514506769826,517
DCA,JFK,2.1023454157782515,938
BNA,DEN,2.100327868852459,1525
LAX,DTW,2.0996649916247905,1194
IAH,PIT,2.0974658869395713,513
HNL,SEA,2.092118730808598,977
DCA,MIA,2.083668543845535,1243
HOU,STL,2.0730769230769233,520
BOS,BNA,2.072314049586777,968
SAN,LAX,2.070381231671554,682
SFO,SLC,2.069220430107527,1488
JFK,DEN,2.0685413005272406,569
VPS,CLT,2.067741935483871,620
CLT,BNA,2.0596298834818367,1459
MDW,MCI,2.059071729957806,948
PDX,SAN,2.0587449933244324,749
ATL,MKE,2.052531041069723,1047
MGM,ATL,2.050203527815468,737
DFW,LRD,2.0483333333333333,600
DCA,MDW,2.0383663366336635,808
CLT,PHX,2.0323426573426575,1144
PDX,SFO,2.0312691600245247,1631
IAD,ATL,2.0153846153846153,1625
LAX,ABQ,2.0053050397877983,754
DCA,DFW,2.002227171492205,1347
RDU,DCA,2.002202643171806,908
IND,DEN,1.996007984031936,1002
XNA,ATL,1.9872340425531916,705
DFW,BTR,1.9861111111111112,792
DCA,IAH,1.9813800657174152,913
BOS,IAD,1.9760589318600368,543
MDW,DCA,1.9714285714285715,805
LIT,CLT,1.9599271402550091,549
JFK,SAV,1.9524590163934425,610
GEG,DEN,1.9490683229813666,805
ATL,RIC,1.9489003880983182,1546
DSM,DEN,1.9482961222091657,851
MSP,MSN,1.9385307346326837,667
ATL,AUS,1.9376854599406528,1685
SEA,PHX,1.937097927090779,2798
OAK,BUR,1.9369608493696084,1507
RDU,FLL,1.9175911251980982,631
PHX,OMA,1.9158415841584158,606
CLT,BDL,1.9153175591531757,803
LGA,ATL,1.9131901840490797,3260
BUF,JFK,1.9126559714795008,1122
BOS,IND,1.8870673952641166,549
PHL,MDW,1.8844827586206896,580
ORD,CHS,1.882032667876588,551
SEA,MCO,1.8775510204081634,637
LAX,JFK,1.874450867052023,4325
TPA,DTW,1.8743914313534566,1027
MCI,DCA,1.8711864406779661,590
DAL,TUL,1.8710280373831776,535
SMF,ONT,1.8708240534521159,898
SMF,SLC,1.8632183908045976,870
LGA,MCI,1.8624078624078624,814
SAT,PHX,1.851963746223565,993
DFW,SNA,1.8318999218139171,1279
MFE,IAH,1.8289676425269645,649
SLC,SFO,1.8194805194805195,1540
MDW,FLL,1.8192,625
ORD,SGF,1.8172588832487309,591
MSP,FAR,1.814938684503902,897
BOS,MIA,1.8076094759511845,1393
PDX,LAX,1.8007209062821834,1942
DAL,DCA,1.7971014492753623,621
LAX,MCI,1.7964458804523424,619
SEA,SMF,1.7843886462882097,1832
LAX,BNA,1.7821466524973433,941
HPN,CLT,1.7709163346613546,502
LAX,ATL,1.7688870836718116,2462
SEA,ANC,1.7602973056673892,3229
BWI,BNA,1.754617414248021,758
ITO,HNL,1.7536644951140066,2456
PDX,DEN,1.7493686868686869,1584
SJC,ONT,1.7448165869218502,627
HNL,OAK,1.712665406427221,529
AUS,SJC,1.70817843866171,538
FLL,CLT,1.705336426914153,1293
STL,PHL,1.686131386861314,685
SAN,SJC,1.6827666151468315,2588
ORD,XNA,1.682496607869742,737
DTW,MSN,1.6712095400340716,587
HNL,SJC,1.6622137404580153,524
SFO,HNL,1.6568160152526215,1049
AVL,CLT,1.6541755888650964,934
DCA,TPA,1.6529411764705881,850
SAN,SMF,1.6280513032685147,2417
DEN,SNA,1.619718309859155,1562
PVD,BWI,1.6189189189189188,740
DTW,RDU,1.6141141141141142,666
SMF,SAN,1.6086591004623791,2379
ONT,DEN,1.6067653276955602,946
PIT,MDW,1.596938775510204,588
DAL,HOU,1.5909317389138018,2007
CLE,ORD,1.582099162910496,1553
ATL,CHS,1.5787172011661808,1372
ABQ,PHX,1.576425855513308,1315
PHX,YUM,1.5746527777777777,576
GSP,CLT,1.5742049469964665,1132
SLC,LAX,1.572944297082228,2262
MSP,STL,1.5654205607476634,856
MKE,MSP,1.5628342245989304,748
CLT,OAJ,1.5625,560
OGG,SFO,1.5568720379146919,844
ILM,CLT,1.5534804753820033,1178
TPA,BWI,1.5520581113801453,1239
AUS,ORD,1.545925925925926,1350
OMA,ORD,1.5410138248847927,1085
SFO,SAN,1.5270623366927958,2679
GRR,ORD,1.5231481481481481,1080
HOU,BWI,1.5142857142857142,560
SFO,ONT,1.5109961190168175,773
LAX,HNL,1.50994498518832,2363
PIT,DFW,1.482496194824962,657
IND,MSP,1.4796875,640
MSP,DEN,1.4765238879736409,2428
DFW,ACT,1.4686064318529861,653
LGA,IAH,1.4678678678678678,1665
SEA,OAK,1.461292897047087,1253
MSY,IAH,1.4595561918396565,1397
IAD,MSP,1.4385964912280702,570
SMF,SNA,1.4131274131274132,1036
ATL,PNS,1.4048780487804877,1230
MSP,PHX,1.402822322001283,1559
BOS,CMH,1.3885714285714286,525
ATL,CRW,1.380514705882353,544
BOI,SLC,1.378787878787879,858
RIC,CLT,1.3763537906137184,1108
ATL,MYR,1.3646723646723646,702
SMF,BUR,1.3551959114139693,1174
JFK,MSP,1.3524844720496894,644
BNA,BWI,1.350194552529183,771
ATL,STL,1.345514950166113,1505
HOU,MSY,1.3370672097759675,982
DTW,LAX,1.3282312925170068,1176
ATL,GNV,1.3258026159334126,841
DTW,BWI,1.3228346456692914,1016
CLT,MCI,1.321917808219178,584
LAS,DTW,1.3135593220338984,1534
PHX,ATL,1.3129074315514992,1534
DTW,MIA,1.312803889789303,617
KOA,SEA,1.3101391650099403,503
ATL,BDL,1.310077519379845,903
ATL,IND,1.2694034637588198,1559
MSN,DTW,1.265546218487395,595
ATL,ECP,1.263050153531218,977
MSP,GRB,1.2607843137254902,510
SAT,IAH,1.2555110220440882,998
FAT,LAX,1.255150554675119,631
BUR,DEN,1.2490322580645161,775
MKE,DTW,1.2463126843657817,678
HNL,SAN,1.2456140350877194,513
IAD,IAH,1.2414664981036663,791
LGA,DAL,1.2381852551984878,529
DCA,IND,1.2270114942528736,696
MSO,SLC,1.2224371373307543,517
SJC,SAN,1.217578125,2560
IAH,SNA,1.2128060263653484,531
BOS,BWI,1.210019267822736,1557
SLC,BZN,1.2071535022354694,671
DFW,TYR,1.1968641114982579,574
ATL,CAE,1.1906412478336221,1154
TPA,CLT,1.1870342771982116,1342
RDU,TPA,1.1822916666666667,576
OMA,ATL,1.1676575505350772,841
SEA,ONT,1.1633986928104576,765
STL,MDW,1.162514827995255,843
DCA,DAL,1.1584158415841583,606
DTW,TPA,1.1519364448857994,1007
CLT,MSP,1.1502487562189054,1005
DCA,CMH,1.1370967741935485,744
BOI,LAX,1.130952380952381,756
LAX,MDW,1.1269592476489028,638
CVG,DEN,1.1259541984732824,786
SJT,DFW,1.084010840108401,738
HNL,KOA,1.078249760459917,3131
SFO,AUS,1.0730858468677493,862
ATL,TYS,1.0670876085240726,1267
BNA,DCA,1.0666666666666667,1230
JFK,PHX,1.0653021442495128,1026
LAX,SLC,1.0616561656165617,2222
ATL,OKC,1.044759825327511,916
ATL,BHM,1.0415407854984895,1324
KOA,HNL,1.034827475008062,3101
MCI,CLT,1.0216216216216216,555
SAT,DAL,1.0213289581624283,1219
OAK,ONT,1.0211180124223602,805
LAX,TUS,1.0203252032520325,984
BOS,CVG,1.0179856115107915,556
SFO,PHL,1.011686143572621,599
MSN,MSP,1.0056737588652482,705
LBB,DAL,1.004360465116279,688
ATL,SGF,0.9883720930232558,516
SAN,IAH,0.9841688654353562,758
SYR,ORD,0.9797101449275363,690
PHX,MSP,0.9702577660277594,1513
LAX,RNO,0.9692946058091286,1205
DTW,GRR,0.9620253164556962,790
IAH,IAD,0.9554140127388535,785
SEA,IAH,0.9365918097754293,757
PHL,BOS,0.9216504404265183,2157
DFW,CLL,0.9210526315789473,570
DTW,CLE,0.9206798866855525,706
SEA,BOS,0.9169054441260746,1047
OAK,PDX,0.9163223140495868,968
SJC,DEN,0.9102333931777379,1114
LAX,MSP,0.9080348499515973,1033
SLC,ONT,0.8988391376451078,603
PWM,BWI,0.8976660682226212,557
BNA,MSP,0.8945362134688691,787
SEA,SLC,0.8938002296211252,1742
DCA,CLT,0.8742469879518072,1328
SEA,KTN,0.8528925619834711,605
ATL,CLT,0.8517908604363936,2429
ATL,BNA,0.8514957264957265,1872
BOS,DCA,0.844799119427628,3634
IND,TPA,0.8431734317343174,542
MSP,MCO,0.8405797101449275,966
SAN,ATL,0.8395061728395061,810
STL,MSP,0.8323895809739524,883
PIT,IAH,0.8293577981651377,545
BUF,DTW,0.8257042253521126,568
ATL,SAT,0.8217357310398749,1279
JAX,BWI,0.8188277087033747,563
LAX,IAH,0.8068627450980392,2040
SFO,PDX,0.8061041292639138,1671
LGA,STL,0.8060941828254847,1444
IAD,SFO,0.8007850834151129,1019
GEG,SEA,0.7702205882352942,2176
PHX,SEA,0.769394261424017,2823
OAK,SEA,0.7585403726708074,1288
RDU,DEN,0.7566844919786097,748
IAH,DCA,0.7510460251046025,956
BNA,PHX,0.7460545193687231,697
GNV,ATL,0.7245862884160756,846
ATL,CHO,0.7221238938053097,565
ATL,SAN,0.7028571428571428,875
MOT,MSP,0.6994301994301995,702
CHO,ATL,0.6476014760147601,542
SEA,MFR,0.6475409836065574,732
BTR,ATL,0.6464379947229552,758
DTW,AUS,0.6413793103448275,580
SFO,BOI,0.6347381864623244,783
IAH,SAN,0.6141304347826086,736
SEA,ORD,0.6045662100456621,2190
SLC,MSP,0.5910165484633569,846
ATL,HOU,0.5872395833333334,1536
LGB,SJC,0.5846153846153846,585
SFO,IAD,0.5836575875486382,1028
MKE,LAS,0.55,580
LIH,LAX,0.5370101596516691,689
CLE,MSP,0.5362563237774031,593
LGA,BNA,0.5157838416265382,1869
SEA,SNA,0.5089779005524862,1448
BOS,IAH,0.5054263565891473,645
SAN,BOS,0.503968253968254,504
XNA,CLT,0.5017482517482518,572
GPT,ATL,0.5015822784810127,632
JFK,DTW,0.5006353240152478,787
ATL,MSP,0.49165320409262253,1857
CMH,EWR,0.48282097649186256,553
SFO,ATL,0.4824335904027421,1167
MCI,LAX,0.48148148148148145,594
ATL,LEX,0.4738878143133462,1034
PDX,ORD,0.4592326139088729,834
ATL,PIT,0.4590690208667737,1246
DAY,CLT,0.45254470426409904,727
PHX,SJC,0.42072699149265275,1293
ONT,SMF,0.4113082039911308,902
JFK,PIT,0.4106529209621993,582
SFO,SEA,0.4101500159591446,3133
DTW,DCA,0.4045045045045045,1110
BNA,MDW,0.4023732470334412,927
SNA,OAK,0.39610963748894784,1131
SMF,LAX,0.39576145884672254,2029
SEA,LAX,0.38207822533566843,3426
SLC,GEG,0.3655761024182077,703
SFO,OGG,0.3637454981992797,833
ATL,CVG,0.3611859838274933,1113
ONT,SJC,0.3596638655462185,595
JFK,SLC,0.35511064278187565,949
ORF,BWI,0.35276073619631904,652
DAL,AUS,0.3432715551974214,1241
LAX,PDX,0.32344213649851633,2022
IAD,SEA,0.31690140845070425,710
LGB,OAK,0.3132832080200501,798
PBI,BWI,0.30842911877394635,522
BOS,CLT,0.30325528269560253,1751
OKC,HOU,0.2811918063314711,537
LAX,MCO,0.26919900908340216,1211
SNA,SFO,0.26503496503496504,1430
LAX,OAK,0.24775784753363228,1784
CLE,JFK,0.24356775300171526,583
DTW,LAS,0.24206069160197602,1417
BNA,LAX,0.23882224645583425,917
ATL,RDU,0.20351758793969849,1990
BOS,SFO,0.20297029702970298,1616
ATL,OMA,0.20023282887077998,859
RNO,PHX,0.19414316702819956,922
OAK,SNA,0.19315188762071994,1139
BUR,OAK,0.19244226731980407,1429
MSP,DFW,0.1889400921658986,1519
FLG,PHX,0.18718381112984822,593
DTW,MBS,0.16061185468451242,523
STL,BNA,0.15458015267175573,524
HOU,ATL,0.15090543259557343,1491
CVG,ATL,0.148014440433213,1108
DCA,ATL,0.14612546125461254,2710
ATL,AGS,0.145224171539961,1026
LGA,RIC,0.1380400421496312,949
DCA,ORD,0.12947976878612716,2595
MEM,ATL,0.12228260869565218,1472
MCI,BNA,0.11741682974559686,511
ATL,DAB,0.11649016641452345,661
RDU,MSP,0.07945736434108527,516
CRW,ATL,0.07495741056218058,587
DCA,BNA,0.04942084942084942,1295
BOS,DFW,0.048324240062353856,1283
ATL,GRR,0.03594771241830065,612
SFO,BUR,0.032590051457975985,1166
JFK,LAS,0.03002729754322111,1099
RDU,ATL,0.02626362735381566,2018
BUR,SEA,0.025044722719141325,559
BDL,DTW,0.008976660682226212,557
SJC,BUR,0.0035971223021582736,1390
ORD,SNA,-0.001095290251916758,913
SAN,SEA,-0.006622516556291391,1963
SJC,AUS,-0.023214285714285715,560
LAX,SMF,-0.024173655648741982,2027
SLC,DTW,-0.03443708609271523,755
FAR,MSP,-0.03881278538812785,876
SJC,SLC,-0.03928170594837262,891
MSP,PIT,-0.05056179775280899,534
LAX,CLT,-0.062037037037037036,1080
SEA,RDM,-0.06339712918660287,836
AMA,DAL,-0.06870229007633588,524
MSP,LAX,-0.07671232876712329,1095
SFO,SNA,-0.08450704225352113,1491
CLT,EWN,-0.08984375,512
CMH,DTW,-0.09863013698630137,730
DTW,BDL,-0.10787671232876712,584
LGA,DEN,-0.12126436781609196,1740
BOS,PHX,-0.12301013024602026,691
DTW,DEN,-0.13090627420604184,1291
IAD,DEN,-0.14516129032258066,1302
LAS,MSP,-0.14623837700760778,1183
PHL,LAX,-0.15347490347490347,1036
ATL,SDF,-0.15773584905660376,1325
CHS,CLT,-0.15847457627118644,1180
CLE,DEN,-0.1614123581336696,793
SAN,DEN,-0.16439688715953307,2056
MCI,PHX,-0.17062146892655367,885
SAT,HOU,-0.17604617604617603,693
LGB,SLC,-0.17969821673525377,729
PDX,OAK,-0.18220338983050846,944
CVG,BWI,-0.18558558558558558,555
CHA,CLT,-0.1863799283154122,558
ATL,CMH,-0.18713872832369943,1384
GEG,SLC,-0.19645293315143247,733
ABQ,LAX,-0.20372836218375498,751
SAN,PDX,-0.2084507042253521,710
SLC,BOI,-0.21264367816091953,870
MSP,CMH,-0.24162257495590828,567
IND,BOS,-0.25296442687747034,506
ATL,GSP,-0.256,1500
ATL,GPT,-0.2627388535031847,628
LFT,ATL,-0.2633587786259542,524
OAK,SLC,-0.2797055730809674,951
IND,CLT,-0.2827172827172827,1001
TPA,MSP,-0.294010889292196,551
BUR,SJC,-0.29731743666169896,1342
SLC,SJC,-0.3,890
RDU,BNA,-0.3059360730593607,657
SFO,JFK,-0.3111913357400722,2770
SFO,BOS,-0.3243408951563458,1631
SEA,BOI,-0.32472527472527474,1820
ONT,OAK,-0.3446969696969697,792
MCI,MDW,-0.34563758389261745,894
ATL,SHV,-0.3466666666666667,750
BNA,AUS,-0.36594663278271916,787
TUS,LAX,-0.3665943600867679,922
MSP,RAP,-0.3674496644295302,596
CHA,ATL,-0.38044371405094496,1217
MSP,ATL,-0.38641425389755013,1796
DTW,STL,-0.40161725067385445,742
STL,HOU,-0.42065009560229444,523
CLE,ATL,-0.4290830945558739,1396
SFO,LAX,-0.4319662706017631,5218
MKE,CLT,-0.433392539964476,563
LGA,DTW,-0.4370737755734656,1613
BUR,SMF,-0.4423076923076923,1196
OAK,HNL,-0.4627151051625239,523
DTW,ROC,-0.46495726495726497,585
DTW,PHX,-0.47413793103448276,1044
DTW,CMH,-0.47489823609226595,737
BUR,SLC,-0.4823348694316436,651
PDX,SLC,-0.48429319371727747,1146
DTW,RSW,-0.4862665310274669,983
SAV,CLT,-0.5025773195876289,1164
SFO,IAH,-0.5123042505592841,1341
MSP,LAS,-0.5138648180242634,1154
BOS,LAX,-0.5156081808396125,1858
CMH,DCA,-0.5227848101265823,790
JFK,CLE,-0.5241157556270096,622
ATL,VPS,-0.5252525252525253,990
ROC,DTW,-0.5276292335115864,561
CLT,TLH,-0.5345794392523364,535
PHL,BNA,-0.5454545454545454,1034
ATL,SEA,-0.5461760461760462,1386
BOS,SEA,-0.5495951417004049,988
MSP,SLC,-0.5514450867052023,865
SAV,ATL,-0.5553880934438583,1327
DTW,MDW,-0.5555555555555556,882
MSP,CLT,-0.5595567867036011,1083
STL,ATL,-0.5678082191780822,1460
ATL,ILM,-0.5729483282674772,658
AUS,ATL,-0.5844636251541308,1622
PHL,ORD,-0.6126840317100792,1766
CMH,CLT,-0.6146146146146146,999
CLE,DTW,-0.6168639053254438,676
DTW,PHL,-0.6260504201680672,1190
DTW,CVG,-0.6423357664233577,685
MSP,SFO,-0.6428571428571429,798
SEA,SJC,-0.6452866861030127,2058
MSY,ATL,-0.6555048198883815,1971
FAY,CLT,-0.6682926829268293,615
ATL,LIT,-0.670442842430484,971
RDM,SEA,-0.6772673733804476,849
ONT,SLC,-0.6775777414075287,611
SAN,JFK,-0.6821983273596177,837
MSP,BWI,-0.6825396825396826,693
CLT,ATL,-0.6865242399342646,2434
DEN,DCA,-0.688695652173913,575
MYR,CLT,-0.6979166666666666,1152
MAF,DAL,-0.7133655394524959,621
PHX,MIA,-0.7169811320754716,530
SEA,PSP,-0.7231404958677686,726
LAX,DEN,-0.7303049555273189,3148
SEA,MSP,-0.7491582491582491,1188
CMH,MSP,-0.7605893186003683,543
MSP,IND,-0.7609289617486339,732
MSP,BIS,-0.7837150127226463,786
CAE,CLT,-0.8023598820058997,678
PHL,IND,-0.8307692307692308,585
LGA,PIT,-0.8317694369973191,1492
SLC,FCA,-0.8324125230202578,543
MSP,FSD,-0.8394607843137255,816
LGB,SMF,-0.8418803418803419,702
LAN,DTW,-0.8500948766603416,527
RSW,DTW,-0.8531540847983454,967
BNA,DTW,-0.858252427184466,1030
AVP,CLT,-0.8595505617977528,534
CLT,LAX,-0.8659003831417624,1044
SEA,SAN,-0.8731884057971014,1932
CLT,DTW,-0.9037940379403794,1476
DLH,MSP,-0.9108187134502924,684
SLC,STL,-0.9123505976095617,502
MSP,CVG,-0.921161825726141,723
PIT,DEN,-0.9333333333333333,645
ATL,AVL,-0.9483667017913593,949
TRI,ATL,-0.9517601043024772,767
SEA,IAD,-0.9535864978902954,711
PIT,JFK,-0.9697478991596639,595
SEA,EUG,-0.9703087885985748,842
DTW,GRB,-0.9763313609467456,507
AVL,ATL,-0.9850107066381156,934
PHL,PHX,-0.985655737704918,976
MCO,SEA,-1.0,687
CMH,MDW,-1.0015673981191222,638
SJC,PDX,-1.002495840266223,1202
ECP,ATL,-1.0088008800880088,909
ATL,JAN,-1.0131118881118881,1144
BOS,DEN,-1.0193050193050193,1295
MCI,ATL,-1.0206947524020695,1353
ATL,TLH,-1.0242494226327945,866
ATL,TRI,-1.025445292620865,786
PHX,LAX,-1.0297559344700769,2991
BNA,HOU,-1.0358814352574104,641
PDX,SJC,-1.0466321243523315,1158
TLH,ATL,-1.0683661645422944,863
SNA,SJC,-1.0717839374555793,1407
SLC,OAK,-1.0751730959446093,1011
BDL,ORD,-1.0801248699271593,961
MSP,TPA,-1.105545617173524,559
MSP,RSW,-1.1079734219269104,602
SJC,SNA,-1.1143451143451144,1443
PDX,SEA,-1.1178971781986857,2587
SHV,ATL,-1.1200564971751412,708
SRQ,ATL,-1.1258405379442844,1041
MSP,DSM,-1.1455805892547661,577
ANC,FAI,-1.1489607390300232,866
BWI,CLT,-1.1570080862533694,1484
OMA,MSP,-1.2129120879120878,728
GRR,DEN,-1.22011385199241,527
IND,PHX,-1.2218649517684887,622
SLC,FAT,-1.2222222222222223,567
FAI,SEA,-1.228538283062645,862
ATL,GSO,-1.236697247706422,1090
JAX,ATL,-1.2432575356953992,1891
MLB,ATL,-1.2474048442906573,578
OMA,PHX,-1.2664473684210527,608
BDL,BWI,-1.2697095435684647,723
SJC,SEA,-1.2926829268292683,2009
SEA,DTW,-1.3059617547806524,889
LAX,BWI,-1.3354430379746836,632
MSP,IAD,-1.336,625
SYR,DTW,-1.3364312267657992,538
SEA,OGG,-1.3405698778833106,737
DFW,SJT,-1.3545706371191135,722
MSP,DTW,-1.3547794117647058,1088
CMH,ATL,-1.3811563169164882,1401
SNA,SEA,-1.385438972162741,1401
JFK,LAX,-1.391304347826087,4232
PHL,MSP,-1.4055023923444976,836
SLC,RNO,-1.4058641975308641,648
EWN,CLT,-1.4303797468354431,553
KTN,SEA,-1.431740614334471,586
IND,PHL,-1.4477351916376306,574
IND,ATL,-1.4569074778200253,1578
DTW,SEA,-1.4629237288135593,944
HRL,HOU,-1.4710280373831777,535
ATL,HSV,-1.478591817316841,1051
DTW,IND,-1.480946123521682,761
ORF,JFK,-1.481832543443918,633
SAT,ATL,-1.486284289276808,1203
SLC,SEA,-1.501752336448598,1712
ATL,BTR,-1.5083102493074791,722
OAJ,CLT,-1.54983922829582,622
LAX,BOS,-1.553929539295393,1845
BZN,SLC,-1.5590551181102361,635
RIC,ATL,-1.5596816976127321,1508
MSP,MDW,-1.565312046444122,1378
ATW,MSP,-1.6047430830039526,506
MSP,RST,-1.6075697211155378,502
SLC,LGB,-1.61864406779661,708
OAK,LGB,-1.6440460947503202,781
ATL,FAY,-1.6702317290552584,561
HSV,CLT,-1.7027522935779817,545
CMH,JFK,-1.7224409448818898,508
SAT,CLT,-1.7537688442211055,597
MSP,PHL,-1.7551487414187643,874
BNA,ATL,-1.760180995475113,1768
SAT,ORD,-1.7680722891566265,664
BWI,LAX,-1.7901234567901234,648
SLC,TUS,-1.795992714025501,549
LEX,ATL,-1.8101503759398496,1064
LGA,CVG,-1.8113612004287245,933
SNA,IAH,-1.8495238095238096,525
SMF,LGB,-1.8561354019746121,709
SMF,SEA,-1.9275442477876106,1808
DTW,ATL,-1.9317548746518105,2154
LAX,SJC,-1.9543340380549683,2365
RDU,DTW,-1.958841463414634,656
MKE,PHX,-1.962843295638126,619
RDU,BWI,-1.96415770609319,837
PIT,MSP,-1.967680608365019,526
LGA,SDF,-2.061797752808989,534
SDF,ATL,-2.0766847405112316,1291
ATL,ROA,-2.0806451612903225,558
GRR,MSP,-2.082706766917293,665
TUL,DAL,-2.0836575875486383,514
BDL,CLT,-2.101965601965602,814
JNU,SEA,-2.107871720116618,686
BIL,SLC,-2.139963167587477,543
MSP,GRR,-2.155309033280507,631
RSW,MSP,-2.1576433121019107,628
DTW,SFO,-2.1582491582491583,594
PIT,PHL,-2.1586206896551725,580
JFK,CLT,-2.1875,1360
GRR,DTW,-2.196029776674938,806
VPS,ATL,-2.2112820512820512,975
BUF,BWI,-2.2167630057803467,692
DTW,MCI,-2.2625,640
PHX,DTW,-2.2631027253668763,954
AUS,SEA,-2.2728613569321534,678
JFK,BNA,-2.2769679300291545,686
MCI,MSP,-2.2944099378881986,805
ALB,BWI,-2.3016591251885368,663
PSC,SEA,-2.3340857787810383,886
JFK,SAN,-2.336185819070905,818
PHL,ATL,-2.354761904761905,2520
DCA,LAX,-2.3606299212598425,635
MSP,OMA,-2.3756345177664975,788
LAX,SEA,-2.3836193917494732,3321
PHL,STL,-2.3841726618705037,695
SGU,SLC,-2.386776859504132,605
PIT,DTW,-2.3924466338259442,609
ALB,DTW,-2.4103053435114505,524
MBS,DTW,-2.435129740518962,501
DCA,MSP,-2.4432793136320305,1049
ATL,PDX,-2.4448160535117056,598
SJC,LAX,-2.4453998280309546,2326
OAK,LAX,-2.463400900900901,1776
CMH,BOS,-2.491362763915547,521
ONT,SEA,-2.512853470437018,778
ISP,BWI,-2.524617996604414,589
FCA,SLC,-2.5586080586080584,546
OGG,LAX,-2.5756062767475036,1402
PHX,PHL,-2.580168776371308,948
SNA,ORD,-2.58165548098434,894
DTW,CLT,-2.5828178694158077,1455
MYR,ATL,-2.605714285714286,700
GSO,CLT,-2.6215415019762847,1012
DTW,BNA,-2.6287952987267387,1021
CLE,MDW,-2.642728904847397,557
MCI,DTW,-2.6504065040650406,615
MSP,CLE,-2.6564516129032256,620
ATL,XNA,-2.662921348314607,712
MSP,DCA,-2.698284561049445,991
BOS,MDW,-2.732727272727273,550
BDL,ATL,-2.7333333333333334,870
LAX,KOA,-2.7804878048780486,779
OKC,ATL,-2.8058568329718003,922
GRR,ATL,-2.822866344605475,621
PHL,CMH,-2.858119658119658,585
ATL,TUL,-2.860062893081761,636
LIT,ATL,-2.869918699186992,984
DTW,MSP,-2.870598591549296,1136
MFR,SEA,-2.946793997271487,733
FAT,SLC,-2.991394148020654,581
SLC,PDX,-3.056749785038693,1163
AGS,ATL,-3.0574817518248176,1096
BIS,MSP,-3.0867875647668392,772
BOI,SEA,-3.086909288430201,1841
MSP,RDU,-3.1156716417910446,536
PHX,CLT,-3.1194280908326326,1189
STL,SLC,-3.124760076775432,521
MCI,IAH,-3.1393728222996518,574
PNS,ATL,-3.1685589519650654,1145
PIT,ATL,-3.2074330164217804,1157
SLC,SGU,-3.2135761589403975,604
KOA,LAX,-3.2359843546284224,767
MOB,ATL,-3.2487113402061856,776
ANC,SEA,-3.2492022973835355,3134
SAN,ORD,-3.2691968225948806,1133
IDA,SLC,-3.303182579564489,597
SJC,HNL,-3.324110671936759,506
BHM,ATL,-3.3444709626093876,1257
JFK,SEA,-3.349331235247836,1271
IAD,LAX,-3.359924026590693,1053
DAB,ATL,-3.3636363636363638,671
CAE,ATL,-3.3754355400696863,1148
SLC,IDA,-3.4029605263157894,608
LAX,LIH,-3.447945205479452,730
LAX,OGG,-3.4859205776173283,1385
CHS,ATL,-3.4861687413554634,1446
DTW,SLC,-3.4972067039106145,716
SAN,MSP,-3.4984177215189876,632
FSD,MSP,-3.5235732009925558,806
MIA,EYW,-3.552542372881356,590
DTW,SYR,-3.567901234567901,567
PSP,SEA,-3.5737226277372263,685
FAI,ANC,-3.5895287958115185,955
EUG,SEA,-3.6248447204968945,805
SJC,LGB,-3.630514705882353,544
ATL,DAY,-3.646153846153846,585
CMH,PHL,-3.6503759398496243,532
DCA,DEN,-3.6910569105691056,615
LGA,MSP,-3.7075848303393215,1002
SFO,DTW,-3.96260162601626,615
MSP,SEA,-3.972772277227723,1212
IND,DTW,-4.018087855297158,774
SLC,BUR,-4.040971168437026,659
PDX,ATL,-4.077854671280277,578
SFO,CLT,-4.096121416526138,593
CVG,DTW,-4.255506607929515,681
TUS,SLC,-4.314885496183206,524
RSW,ATL,-4.346204188481676,1528
ILM,ATL,-4.382530120481928,664
PSP,SLC,-4.387715930902111,521
MSP,MOT,-4.390773405698779,737
SYR,JFK,-4.391228070175439,570
LGA,CLT,-4.393146979260595,2218
RAP,MSP,-4.40625,608
ORF,ATL,-4.504504504504505,1110
PIT,DCA,-4.528336380255942,547
PDX,MSP,-4.54531490015361,651
GFK,MSP,-4.550264550264551,567
MLI,ORD,-4.701570680628272,573
MKE,ATL,-4.956928838951311,1068
MSP,SAN,-5.127035830618892,614
MSP,PDX,-5.15668202764977,651
DSM,MSP,-5.338632750397457,629
TYS,ATL,-5.350806451612903,1240
TUL,ATL,-5.350819672131148,610
GSO,ATL,-5.482913669064748,1112
LAX,IAD,-5.535819430814524,1019
JAN,ATL,-5.714882943143813,1196
CVG,MSP,-5.71875,704
HSV,ATL,-5.722279792746114,965
GSP,ATL,-5.72266139657444,1518
JFK,SFO,-5.829373650107992,2778
CRP,HOU,-5.885869565217392,552
MHT,BWI,-5.981612446958982,707
RST,MSP,-6.093333333333334,525
MDT,CLT,-6.162790697674419,516
LAX,DCA,-6.2215189873417724,632
DAY,ATL,-6.310954063604241,566
SFO,MSP,-6.511685116851169,813
